HashedIds,Ids
c43c169a,vertex-premium ( ID UNKNOWN )
7c93097e,vertex-premium ( ID UNKNOWN )
d48b8fa4,vertex-premium ( ID UNKNOWN )
9b31b6e4,vertex-premium ( ID UNKNOWN )
ca7000e8,vertex-premium ( ID UNKNOWN )
a1991e50,vertex-premium ( ID UNKNOWN )
7d56799a,vertex-premium ( ID UNKNOWN )
b5bc4d3e,1316841464163995730
8d05a78a,1316841464163995730
455e35bc,1316841464163995730
096582f3,1142578765143216168
f2c837f4,477217807050735616
6a3d6f58,477217807050735616
e0e2c8a8,477217807050735616
81f67075,1085176939720998932
92b5aa2f,875001631811444737
6c4ee4bb,875001631811444737
59084079,875001631811444737
5041261e,762470791530938399
cb5ad02c,1209892993260195843
8cbb3129,111804606426430272-PB
9b6ef1d2,1107816818107756554-PB
f918c5d0,1107816818107756554-PB
53b85d34,1107816818107756554-PB
5a7e17bf,526066732415188992-PB
73c2f901,526066732415188992-PB
cb337090,526066732415188992-PB
db82bdff,640581471912067103-PB
89dd5781,1297238865056366613-PB
2bea9164,1297238865056366613-PB
a2d14eca,1307508115478024252-PB
9132b8f1,769476746457251841-PB
a83427c4,769476746457251841-PB
9152d432,769476746457251841-PB
4ece7677,266468098712928257-PB
6f51ab6c,800214987241947137-PB
78e2ba65,800214987241947137-PB
89dd5781,1297238865056366613-PB
2bea9164,1297238865056366613-PB
efc649b3,1069949148532576306-PB
d25ee245,1200484175778676811-PB
d7865b38,856026328172462090-PB
073ce872,824735340400214066-PB
158229a8,891813344443498507-PB
97995651,1260387502401785996-PB
e07f6832,1260387502401785996-PB
b06670cc,1328731120728145930-PB
590f8c31,1328731120728145930-PB
ee90e456,1328731120728145930-PB
47cd4766,665386585008898065-PB
1711041b,665386585008898065-PB
fa0f8835,665386585008898065-PB
a3f97afd,428052601691701248-PT
